"","hotel_id","staff_per_room","checkin_time_min","room_service_available","room_size_sqft","pool_available","gym_quality_score","restaurant_count","avg_room_rate","minibar_markup_pct","wifi_free","distance_to_center_miles","nearby_attractions","noise_level","online_rating_prev","response_to_reviews","guest_satisfaction"
"1",1,0.380596440355293,13.5051295319572,1,309.830523468554,1,5.21180283138528,4,130.663667432964,458.187349606305,1,1.34135237894952,3,6.82227872358635,2.60715142148547,0,1.30132415910121
"2",2,0.489461087412201,2.99598397524096,1,279.776999820024,1,9.18959204992279,2,192.500635038596,219.152879156172,1,2.53457323182374,8,4.44391863769852,3.63502079597674,1,3.77808353358191
"3",3,0.959659741306677,7.64600645960309,1,541.160885803401,1,6.26501882332377,3,285.913314728532,434.132526628673,1,0.907134707085788,6,1.25533156911843,2.51164066861384,0,3.92418043998928
"4",4,1.06692018660251,10.6776242982596,0,440.790902543813,1,3.32645497028716,4,375.035536417272,308.295619301498,0,16.2881031585857,0,6.8737354031764,4.69342374219559,1,1
"5",5,1.00955810502637,6.03754219808616,0,436.237509548664,0,1.42289639776573,1,254.289667843841,280.227725207806,1,5.41395056061447,4,1.02141285617836,4.43922808300704,0,4.34202797562973
"6",6,0.598763971589506,10.1167875514366,1,533.177375793457,0,3.27611483144574,0,222.134473419283,124.084801599383,0,12.1890195459127,9,7.79692242410965,4.97357306769118,0,1
"7",7,0.37418946151156,2.76494544115849,1,283.118336182088,0,8.74112252425402,0,356.33681891486,345.398290921003,0,17.6707746135071,7,9.33809805265628,4.62638791603968,0,1
"8",8,0.55697425052058,3.30765795847401,0,210.437311977148,0,8.56720841233619,0,195.328744663857,451.4956664294,1,17.51696721185,7,5.38605789816938,4.96612028311938,0,1
"9",9,0.513752944394946,6.69991120719351,0,376.185645442456,0,8.42521553183906,1,339.816944114864,172.684935200959,1,14.4015985261649,5,1.98945974954404,3.87101095449179,1,1
"10",10,0.646712550194934,13.7337641767226,1,450.87769171223,0,3.48014846793376,3,341.552851314191,355.899195279926,1,1.75259665586054,6,6.36797287664376,3.53600546671078,0,1
"11",11,0.63565131991636,3.99418412987143,0,469.869813416153,0,1.25155151099898,3,129.607456934173,327.212882973254,1,5.78552109189332,5,2.18030000641011,4.53240043437108,0,4.31575491966691
"12",12,0.496117703639902,13.7148347462062,0,449.915247503668,0,9.48330654972233,3,72.5450120167807,108.157674130052,1,19.4703719299287,7,7.8006903976202,2.06490702112205,0,1
"13",13,0.979594531841576,13.4833062582184,0,475.116361584514,0,8.63233163836412,2,237.261633342132,103.439011238515,0,2.44404589291662,4,6.62141143693589,3.67899853107519,0,1.34163198482115
"14",14,1.03951296187006,10.9876284149941,1,535.792948212475,1,8.21134320902638,3,369.903193821665,179.320518765599,1,14.5005337288603,2,7.44479690957814,3.43424280872568,1,1
"15",15,0.839026347734034,9.67893943819217,0,379.603803902864,0,3.41379231004976,4,226.731771463528,371.652024053037,1,18.9618264697492,0,4.46512312814593,2.1956586567685,1,1
"16",16,0.885930204042233,6.24062444758601,1,212.973121087998,0,6.65450543281622,3,238.840962795075,426.646425388753,0,0.159700876101851,1,1.59716450050473,2.03600795823149,0,1
"17",17,1.05880551422015,3.32058840175159,1,482.695220690221,0,5.43942037527449,0,236.739155394025,486.966034304351,1,18.5917777754366,5,5.17303081485443,3.25996084650978,1,1
"18",18,0.70791432838887,7.72146384371445,1,213.427867833525,1,7.99786656233482,0,99.1391853080131,460.826053097844,1,9.08406791742891,0,8.71779551380314,3.16051672911271,0,1.05298143702281
"19",19,0.94508138964884,11.8213856623042,0,413.320032600313,0,1.83553698798642,2,120.195121294819,426.149869989604,1,3.79032333847135,4,4.24524496635422,2.65806082636118,0,3.83056582108477
"20",20,0.562099949852563,13.3306660363451,0,422.394653223455,0,1.74136341409758,1,268.797551468015,397.180324792862,1,12.724848841317,5,4.03903919528238,4.08622239739634,1,1
"21",21,0.46189482382033,8.35089121642523,0,523.070032149553,1,6.95656622527167,4,162.728231947403,275.812050234526,1,15.9313753107563,3,1.04298235755414,3.37854401930235,1,2.29997397784849
"22",22,0.94956923997961,2.97399134910665,1,387.702153623104,1,2.96980709838681,2,264.367620053235,286.154392175376,1,14.7687669657171,8,6.88951669749804,2.61465960135683,1,1
"23",23,1.11457882155664,3.75282883225009,0,599.476476479322,0,8.97047322569415,2,69.964699796401,322.458533383906,0,1.66942672338337,9,6.74388609617017,2.54085151106119,1,4.53780848199915
"24",24,0.701190003147349,11.5230162860826,0,349.796366691589,0,9.96559797879308,0,98.2611726154573,428.773369360715,1,16.5987738221884,3,4.38424393790774,4.32497123791836,1,1
"25",25,1.05474131733645,3.95351405115798,0,562.926671281457,1,6.74868724192493,2,340.053665381856,160.228059906512,0,10.8878677571192,2,3.11396214319393,4.80296033876948,1,1.96642551373334
"26",26,0.933143548504449,2.844920206815,1,342.077312525362,1,6.83234050264582,4,131.062062631827,387.805341370404,1,18.2005313551053,10,1.70209994772449,3.76383813982829,1,1.44415908277242
"27",27,1.15583609668538,9.22346678655595,0,298.752737790346,0,9.69154120446183,0,162.742724746931,482.297973614186,0,13.9721643971279,4,2.22463212069124,3.50837571243756,1,2.35697514113327
"28",28,0.878836957504973,9.15563819045201,0,478.800098970532,0,3.12893722834997,1,216.241349466145,130.439646542072,0,18.5189781477675,0,7.08315992355347,4.58425280195661,0,1
"29",29,0.367337870062329,11.7839409792796,1,303.180082142353,1,6.86355022364296,0,380.714500544127,285.153972543776,1,5.822649076581,3,2.42596126068383,3.43108719051816,1,1
"30",30,0.528141336352564,3.00786332949065,1,350.268470589072,0,1.9247273884248,4,266.703259223141,291.903296858072,0,11.0218245675787,4,6.3081360226497,2.6008534480352,1,1
"31",31,1.17682859245688,3.66491677518934,0,373.598496615887,0,8.2719669896178,4,337.260209117085,166.024646442384,1,0.874196439981461,3,9.91000985284336,4.09884282504208,1,2.07631034296685
"32",32,0.495573664479889,3.69835489429533,1,509.907410107553,0,9.55906212353148,4,125.535904290155,165.745333582163,0,15.5014915531501,4,8.00497093773447,3.10246924310923,1,1
"33",33,1.16292070189957,14.5040229444858,1,524.385054595768,0,9.85391867649741,3,85.4403861798346,368.938881997019,1,3.99052993394434,3,3.90110651915893,3.40227180696093,1,4.39570380863423
"34",34,0.751670456933789,14.8383260380942,1,225.217141676694,1,6.3786956903059,4,136.623363930266,390.407839789987,1,0.715516852214932,8,7.90869719837792,3.8009740835987,1,2.06129282876232
"35",35,0.885720706335269,8.01359007298015,1,597.744519729167,1,1.44354444299825,2,295.269598031882,191.537523828447,0,18.0613543977961,1,9.67940110736527,2.09624700108543,1,1
"36",36,1.1534709677333,6.36197408498265,1,589.966302365065,0,4.34126178361475,3,388.021625077818,144.06667156145,1,6.29178947303444,10,8.64510794077069,2.38977006240748,1,1
"37",37,1.18982744612731,2.13179851463065,1,595.8799155429,0,4.3088758175727,1,317.167677264661,134.327220357955,0,15.3871225193143,5,9.6414628115017,3.44799554208294,1,1
"38",38,1.12630302894395,11.2661581237335,1,522.498133499175,1,1.09403850580566,4,153.406399092637,477.622596826404,1,0.335126910358667,6,5.04634301923215,3.64302685041912,1,5
"39",39,1.14416528223082,9.28035966912284,0,232.727691344917,1,5.30458422773518,0,241.008263477124,140.134667884558,1,10.5050905840471,7,3.76923805987462,3.61349345417693,1,1.42945257720671
"40",40,0.775501630688086,4.44655049033463,0,301.823809277266,0,8.58588709798642,3,239.994187350385,274.871169123799,1,0.557495169341564,1,6.9791312746238,2.04076744313352,1,2.62751378009667
"41",41,0.58578122605104,5.18157453136519,1,248.349504731596,1,9.87118667108007,3,299.219441425521,248.362857569009,0,15.4194074962288,10,7.12745693232864,3.60257780714892,0,1
"42",42,0.681328855175525,4.02498662495054,0,534.058116097003,0,2.51615260494873,4,162.366322102025,147.49311087653,1,13.1312124524266,7,5.51224030484445,2.69349903590046,0,1
"43",43,0.338665246590972,12.3590736519545,0,447.880041133612,1,2.94613403268158,3,251.483592006844,330.607317760587,1,15.0740558095276,3,2.53917264705524,4.05430135806091,0,1
"44",44,0.416346460604109,11.1356227102224,0,529.379801917821,1,1.81410734076053,3,107.57791189244,414.968091994524,1,13.3247937355191,10,5.03162659751251,4.85181953501888,1,1.9618061361573
"45",45,0.369132969039492,13.485326700611,1,256.925309170038,0,1.65128328301944,0,367.933821806218,467.026321962476,1,11.0929298354313,8,2.40947021613829,2.09935705177486,0,1
"46",46,0.370577612472698,4.02322261291556,1,492.219503503293,0,4.03159925667569,2,279.397617932409,347.392127849162,0,7.60607253294438,1,9.33701297547668,2.97140609752387,0,1
"47",47,0.82422985935118,10.0819122237153,0,386.457538418472,1,4.59800994466059,3,346.766885265242,382.952375896275,1,17.7132596448064,3,9.57231840724126,2.60507989209145,0,1
"48",48,0.789692898304202,7.1744434053544,1,330.863965675235,1,3.0250407808926,3,209.452738519758,130.10189300403,1,14.446241511032,1,5.44428928871639,2.93446802743711,0,1
"49",49,0.737135837646201,2.78838075743988,1,480.251334700733,1,9.18113017082214,3,188.363538507838,290.804137848318,1,16.0133775230497,5,9.67635500431061,4.23793227854185,1,1
"50",50,1.13542152014561,10.2180988604669,0,431.038661208004,0,2.17399496491998,0,70.9153292817064,344.529388099909,0,18.3558920864016,1,7.3833056690637,4.60517186485231,0,1
"51",51,1.08449615577701,6.8202728733886,0,576.429132558405,1,6.06046687928028,3,94.1019740886986,305.662188213319,1,19.0683608595282,5,1.4164418859873,4.06890842039138,1,2.67565133826162
"52",52,1.01864709591027,13.4911114238203,1,388.783582579345,0,9.07453812845051,1,154.358225024771,447.186944633722,1,0.678001344203949,1,4.91691053798422,4.40411822265014,1,4.12039068614967
"53",53,0.589560746890493,3.02617654926144,1,472.465497348458,1,9.64294600603171,3,197.080046113115,471.986440010369,1,14.8124944604933,3,4.93340924149379,3.71614363905974,1,1
"54",54,0.682795543014072,10.7411438988056,1,347.566036693752,0,4.9674050945323,0,111.627419258002,401.787517871708,1,18.0259425099939,3,6.25149432499893,2.24043383356184,1,1
"55",55,0.634179588896222,4.06327181053348,0,264.333027228713,1,5.6509709507227,1,243.034672806971,497.15722873807,1,0.485227247700095,5,6.40824738284573,2.95605692244135,1,1.49732675238492
"56",56,1.10484633729793,13.1420147109311,1,510.622580349445,0,4.41538504255004,0,115.864861593582,432.989738043398,1,12.913372577168,10,2.86226733936928,4.26042141439393,1,3.71786040472483
"57",57,1.13805035969708,2.13550736871548,0,257.002163026482,1,3.47740017599426,0,136.370258056559,404.199417773634,1,12.9232983617112,9,3.86460314434953,4.27742033521645,0,2.38746050258732
"58",58,0.85551463086158,10.9062901735306,1,334.609972406179,0,4.00938609009609,4,332.019333099015,260.856912843883,0,1.00904314778745,10,8.50479898042977,4.61869396804832,1,1
"59",59,0.424194271839224,12.7384777059779,0,593.811343144625,0,8.36185960704461,4,204.615346633364,472.986918222159,0,10.4253444261849,9,6.8094700104557,4.94507555803284,1,1
"60",60,0.528726587234996,6.05525614810176,1,463.785308692604,0,9.1092128045857,0,385.421448352281,338.354510441422,0,6.99346760287881,9,8.2264783277642,2.72112240246497,1,1
"61",61,0.568626693100668,3.07301780977286,0,555.316376686096,0,3.78445359249599,0,190.965171798598,157.386534754187,1,13.9279035711661,8,8.74372299504466,3.49067817116156,0,1.43008634365303
"62",62,0.667721890448593,4.04669444146566,0,345.629892684519,1,9.0883869624231,0,172.198105335701,395.373306889087,1,3.0238221725449,4,6.3035619573202,2.49818603903987,0,1.89083007707469
"63",63,0.548692800058052,5.51484324689955,1,496.983022615314,0,9.89402635977603,0,315.115436189808,196.345478668809,0,2.81444915570319,2,8.1542874998413,3.50039478694089,1,1
"64",64,0.863406235654838,9.69038145337254,0,323.974058404565,1,4.8185478921514,4,179.729198163841,145.855911355466,1,7.05357608851045,6,7.87337720370851,4.68908536829986,1,1
"65",65,0.320527868228965,10.1242871768773,1,203.456568066031,0,5.68252222589217,2,126.179897703696,195.908818766475,0,5.76356329489499,0,2.65036602318287,2.71925772656687,0,1
"66",66,0.595674120658077,12.7320778737776,0,411.451234016567,0,1.13265887065791,1,245.322070363909,190.077729616314,0,10.195042649284,1,9.68201691703871,2.773833012674,0,1
"67",67,0.854799089371227,7.29030975536443,1,457.382001727819,1,5.77153166732751,0,90.9644366824068,235.67064171657,1,16.673568659462,9,7.36239316221327,3.93265501456335,1,1.01442134261879
"68",68,0.677258100919425,3.26998461293988,1,264.007041510195,1,1.19931736378931,1,356.9689920987,425.913403555751,1,3.04714305326343,2,7.07599089643918,4.76097574550658,0,1.37288138715119
"69",69,0.8109667024808,13.1647157380357,1,273.701258003712,1,7.19514491595328,3,339.535338408314,275.883189588785,1,9.3557806732133,5,8.7258061405737,4.846076535061,0,1
"70",70,0.777980471262708,7.75742871896364,1,592.531519383192,0,4.21437129890546,1,92.9199230042286,243.325138930231,0,9.59671237040311,7,8.01138520799577,4.86583785736002,1,2.08621556840701
"71",71,1.16875932253897,7.97813265561126,1,441.716075316072,0,5.89077633921988,1,312.127149535809,423.161257337779,1,5.7178118545562,1,3.33835858036764,4.67115992447361,0,3.75531622122533
"72",72,1.06278983638622,6.88441810710356,1,475.463248696178,0,5.8513947383035,2,221.838733553886,406.717722676694,0,4.42098843865097,9,3.15240072342567,2.39621124137193,0,3.28663942654753
"73",73,0.528990095620975,13.1504210471176,1,514.907745551318,0,6.33378964406438,1,264.782424876466,439.502380788326,0,0.676541104912758,10,2.52863267203793,4.41783886938356,0,2.8744534475121
"74",74,0.368314850865863,7.55395978386514,0,400.210241414607,0,7.91321940487251,3,250.609535037074,499.024420138448,1,6.11573579255491,9,2.90465133381076,4.6632968261838,1,1.72848057953621
"75",75,0.699807421839796,13.0481974277645,1,422.105598542839,0,5.51815768750384,2,342.154109361582,327.550622541457,1,13.4441777504981,10,9.66279325890355,3.40087542589754,0,1
"76",76,0.301358923804946,11.8809975965414,0,256.835069600493,0,5.54669780796394,0,104.124246293213,232.507038582116,1,17.4777037743479,10,7.15574794681743,4.18718123505823,1,1
"77",77,0.602211471623741,6.95737314922735,1,377.012904547155,1,2.04399449238554,2,81.4862187253311,121.813184861094,1,13.2395922346041,9,5.42479992634617,4.51268451544456,0,2.11465396759803
"78",78,0.636625010194257,8.97006144444458,1,438.888561539352,0,7.39172743237577,4,220.137864921708,324.606345128268,0,8.65568413864821,5,7.8990728687495,2.1429370935075,0,1
"79",79,0.736095473938622,12.926433457993,1,352.96572111547,0,3.91782933170907,0,303.791452979203,346.63856215775,1,15.0666873389855,8,9.45298946788535,3.51650777133182,1,1
"80",80,0.84258897320833,13.1543724385556,0,294.633588753641,1,1.58330105268396,3,177.089148922823,328.184206597507,1,15.6643551494926,5,1.10116124385968,4.4012603436131,1,1.35785394570997
"81",81,0.739609907031991,5.15675410977565,1,282.661656104028,0,1.07563452236354,2,138.944941875525,115.205914899707,1,9.33588856831193,9,5.3602240846958,4.53580607636832,0,2.5908046301009
"82",82,0.794178574578836,13.6366567939986,1,384.145218972117,1,1.72999389469624,3,240.23683690466,227.489691413939,0,1.17021886166185,3,6.82533782278188,3.68907279358245,1,1.18127364033771
"83",83,0.887568650906906,12.6515759942122,0,254.093046952039,1,7.4845939616207,2,153.790475719143,214.431862998754,0,12.3273200448602,3,2.08340971940197,4.61082138842903,1,1.12852327068746
"84",84,1.14617474544793,8.56472950265743,1,398.951728455722,1,4.3954807613045,2,250.670820870437,292.462356388569,1,19.3096765968949,2,4.81974473781884,2.19160263007507,1,1
"85",85,0.661298664333299,13.5840810460504,0,312.657700385898,1,4.02236674749292,1,202.431625814643,114.411687478423,1,4.45968099404126,1,2.78154051327147,2.19386370293796,0,2.21308998623366
"86",86,1.03934137718752,11.2624514761847,0,364.908016938716,1,4.48913709213957,0,111.059479997493,265.530689433217,1,13.2770787412301,0,6.60329607594758,2.58030969183892,1,1
"87",87,0.779927893728018,11.9797556831036,0,489.04820997268,0,2.12765050027519,3,100.633120711427,454.16046064347,1,7.21427517477423,1,3.38704005791806,3.7147328578867,1,2.87021721988235
"88",88,0.696634627575986,9.09356252104044,1,463.684032019228,0,2.11260999855585,0,364.872245653532,478.513763379306,0,3.58793001621962,7,4.44424039591104,4.85964834294282,0,1
"89",89,1.18306700368412,6.17785656149499,1,374.173267185688,1,9.21322624874301,1,195.88748451788,134.55783072859,1,5.13363746460527,5,4.06415029172786,2.50790605647489,0,3.43601596116862
"90",90,1.05267454013228,2.30073877819814,0,520.839575026184,0,4.47226171637885,4,90.6263496726751,409.081909433007,1,18.9449428627267,0,6.87860192568041,3.78414354333654,1,1.40455136825711
"91",91,0.793286206992343,13.6120946945157,1,382.690802309662,0,4.9888924616389,3,127.636308665387,194.685293734074,1,3.18876659031957,8,4.51467877742834,4.34393415949307,0,2.57920033570154
"92",92,1.01880723866634,2.13060032622889,1,489.90240842104,0,4.15281042363495,3,108.226134348661,237.775437813252,0,5.96432848833501,4,6.82539685233496,3.05117016914301,1,3.24630908333517
"93",93,0.792322832532227,7.48939315322787,0,584.562128968537,0,3.39661857415922,1,160.640988242812,321.070266701281,1,2.75996505282819,3,6.9073099901434,2.95206146757118,1,3.05969749626798
"94",94,1.19377522885334,12.6040917963255,0,461.904816050082,1,8.95047255884856,0,309.682318090927,488.018994498998,0,10.9550127247348,10,6.53010717709549,2.22633675835095,1,1
"95",95,1.00142951931339,3.87107178196311,1,420.178653113544,0,4.44835017295554,1,236.276852316223,172.814508434385,1,2.13666507974267,6,7.08472586004063,4.28072448493913,1,3.4483075625595
"96",96,1.01243545669131,9.64083459228277,0,394.037972576916,1,4.58967919205315,3,306.264646782074,467.49453721568,1,0.951692564412951,1,2.19511489872821,3.26933904225007,0,3.29328518146249
"97",97,0.407925192452967,9.88385049137287,0,317.653285432607,0,5.29218324599788,0,385.704298911151,120.112627744675,1,7.30807475745678,4,3.97744974819943,2.41872646659613,1,1
"98",98,0.650908265844919,2.54327969392762,1,359.560430794954,0,6.02418801165186,4,247.357920638751,474.98169792816,1,4.62494375184178,2,8.26066960487515,4.31845342530869,1,1.31430129348012
"99",99,0.89286988468375,6.10759625979699,1,353.076093178242,1,2.43531918618828,2,277.85568383988,133.915228769183,0,19.6802190784365,2,9.22504153451882,2.15722349355929,1,1
"100",100,0.935924773779698,5.82505046483129,1,249.632054939866,1,8.3380705693271,2,60.3325311094522,434.027693513781,1,1.65481596719474,5,7.76946608582512,3.14126607985236,0,3.64149567211021
"101",101,0.527736878092401,10.0025084514637,0,423.103589843959,0,6.98778852750547,4,287.495699431747,291.144424676895,1,15.2338018640876,10,3.75004141870886,2.85352138103917,1,1
"102",102,0.420405579730868,6.81477487273514,1,369.79659749195,0,6.90211396035738,1,361.827839678153,179.340883344412,1,1.33995158132166,3,8.86437878548168,2.38930528517812,0,1
"103",103,0.658895551320165,13.098002175102,0,340.519186202437,1,9.37521092803217,1,295.054504647851,210.801739152521,1,10.9326856443658,7,5.61064482247457,4.54537519160658,0,1
"104",104,0.554617587290704,8.18918840005063,1,457.299311365932,1,1.1988452153746,3,375.294782454148,364.219647459686,1,8.26462926343083,0,4.46127131883986,2.33556009805761,0,1
"105",105,0.976225843071006,8.46662365784869,0,314.789035078138,0,9.4850056914147,1,296.558937767986,111.272519826889,0,19.4475972279906,3,6.94097227067687,4.52027806080878,1,1
"106",106,1.02522330621723,6.15417736396194,1,282.147882785648,0,1.24007698940113,1,147.297406452708,459.068398084491,1,17.1051944745705,1,2.63050999236293,2.39659843710251,0,1
"107",107,1.03358917857986,6.45788076403551,0,559.138006158173,0,6.28816127683967,2,178.631553705782,308.964474964887,0,4.72347897011787,2,7.29733382933773,2.31358708068728,0,2.57178894337569
"108",108,0.930237622302957,14.3533101545181,0,452.238820958883,1,4.61899488163181,3,97.8818698786199,242.202900163829,1,11.5492706373334,0,2.83478368655778,2.64160002791323,0,2.41610894641713
"109",109,0.958646813454106,8.08080159267411,0,244.605744164437,0,4.91363078728318,3,104.832897381857,479.882855899632,1,0.0480869086459279,4,4.20970202982426,4.36836191359907,1,5
"110",110,0.589413840835914,2.71627997769974,1,258.600527513772,0,6.55800117226318,3,270.63322662143,132.156052906066,0,8.42370604164898,0,9.02352098328993,2.94861042010598,0,1
"111",111,0.990974082914181,3.84294168953784,1,246.913239918649,1,5.04702084907331,0,172.434545785654,173.755552060902,0,4.29936032276601,5,3.74024431500584,3.83405139250681,0,2.91134770606032
"112",112,0.548320933780633,11.8692700362299,0,396.376651991159,0,6.22845496470109,2,334.758179576602,237.642005737871,1,15.8026110893115,7,8.9458258789964,3.16845066705719,0,1
"113",113,0.605765423504636,5.70660508587025,0,285.923393629491,0,6.48487875028513,4,76.9538560765795,495.76879395172,1,19.8362864088267,7,2.17474095220678,3.69531649001874,0,1
"114",114,0.915779407415539,8.54679799545556,1,285.323872324079,1,1.33835272747092,1,75.3351182793267,141.561831720173,1,19.2313372157514,2,8.08779203263111,3.18056978145614,0,1
"115",115,1.14632510128431,9.16914321994409,1,434.511115495116,1,1.79093565535732,4,181.091728957836,201.193579938263,1,2.30775920208544,5,6.70823163632303,2.39607093809173,0,2.94836302796873
"116",116,1.1478179800557,12.4242022258695,1,364.242881909013,1,7.15748731116764,4,61.6998686338775,453.096004668623,1,7.13823540136218,1,7.14323665294796,4.78788804938085,0,3.45015859356907
"117",117,0.935388292581774,8.98918085801415,1,214.180793985724,0,9.88386053824797,1,175.421052845195,288.305808603764,0,10.3802098659799,8,2.18526661512442,3.28428936097771,1,1.38670749615516
"118",118,1.05641032566782,5.4145742401015,1,494.440904632211,1,9.68915247311816,3,155.346646730322,262.560253031552,1,12.4907171353698,0,6.84353906055912,2.69734585378319,0,2.41701624361864
"119",119,0.946272983844392,11.683080814546,0,502.892921119928,0,7.16044754581526,2,323.584100918379,222.435786295682,1,15.9733250318095,3,2.97558586741798,2.60177655611187,0,1
"120",120,0.979013297986239,7.65354103245772,1,205.861583258957,0,6.29238287266344,1,177.253839967307,284.142157062888,1,16.7240843502805,9,4.73966341675259,3.31419358518906,0,1
"121",121,0.310868205316365,13.4764282433316,1,395.866457652301,0,8.83003959082998,0,110.049254633486,386.75563018769,1,15.6421660538763,9,9.35678799310699,2.40973435807973,1,1
"122",122,0.34758057219442,6.05606521735899,1,588.550968188792,0,5.23625094024464,3,350.055965594947,159.773167315871,0,11.9933942705393,10,1.46203538030386,2.65366538008675,1,1
"123",123,0.446731616486795,11.6976060415618,0,261.847602576017,0,5.11824188032188,0,255.638389382511,153.446151223034,0,12.1156812040135,1,2.52797318599187,3.52265523932874,1,1
"124",124,0.921224164729938,14.0696024291683,0,420.480180997401,1,3.62406464107335,4,224.191092746332,309.314107801765,1,13.6517797876149,4,4.01514767622575,4.91237717610784,0,1
"125",125,0.678466372797266,11.8492790197488,0,316.757896263152,1,4.98726851819083,2,342.26763881743,116.519759967923,1,13.2513742847368,4,4.25003848248161,2.10301860515028,1,1
"126",126,1.01707264299039,3.67028910317458,1,549.39486188814,0,5.20995411463082,3,299.340202938765,338.89382025227,1,16.3124457839876,2,5.76611030683853,2.36311789718457,1,1
"127",127,1.03336948072538,5.78129132348113,0,324.506145622581,0,1.38077125325799,1,367.743698647246,430.790019780397,0,7.75051338132471,1,6.04416010668501,3.00453753536567,1,1
"128",128,0.759441063296981,2.4667449996341,1,559.695256873965,1,4.04669849667698,1,398.022703093011,355.963023845106,1,10.4626765288413,9,8.35327895008959,2.08486360753886,0,1
"129",129,0.73437023058068,8.52485433081165,0,584.989842306823,0,8.69059579796158,2,337.545353965834,387.576957792044,1,4.44223403465003,4,3.09114053007215,3.55829762574285,1,2.51942503250818
"130",130,0.369264721870422,10.5449099077377,0,320.975955761969,1,5.6387000058312,2,284.097155625932,254.081872012466,0,18.9923360059038,1,5.3237906715367,2.31716576288454,0,1
"131",131,1.15522735468112,13.9084056722932,1,551.575656980276,1,4.47655227640644,4,225.920210464392,160.597850196064,0,14.4266326865181,2,6.27123971679248,2.10999547434039,0,1
"132",132,0.603040422149934,5.62321551050991,1,444.705481547862,0,6.64558541565202,3,302.225395431742,124.668203853071,0,16.9048267416656,1,8.84358218568377,4.06977380858734,1,1
"133",133,1.14690801654942,12.763211742742,0,261.905372422189,1,4.44756261561997,3,297.922009904869,130.086778104305,0,2.45493198744953,2,3.28550724009983,2.97111193602905,1,1.72307046990552
"134",134,0.944710467383265,6.62816003477201,0,492.442200798541,0,3.95805004076101,3,126.02323651081,207.366081606597,0,3.53522610384971,2,2.52124391961843,4.14141491916962,1,4.88286252853127
"135",135,0.368544812989421,10.8225664456841,1,200.804767198861,1,2.97501598810777,4,351.312148792204,317.427912726998,1,2.50764122698456,5,6.84669451392256,3.8178814642597,1,1
"136",136,0.922623201389797,11.8634069976397,1,444.894682988524,0,9.20148318563588,0,279.205163323786,391.060949116945,1,18.4261133335531,2,9.54356090421788,4.79827590682544,1,1
"137",137,0.563714683894068,9.13550164853223,0,454.253931250423,1,9.34389006718993,3,234.139829513151,427.06702221185,1,13.4056818345562,10,4.67985522048548,2.98564547998831,1,1
"138",138,1.15341941001825,4.96861100196838,1,546.360465791076,0,9.28621597052552,1,190.580293058883,358.95276023075,0,11.7796135600656,10,4.53371907933615,3.74938820884563,1,2.33864793037512
"139",139,0.498250502371229,12.3675111792982,0,234.190896060318,1,6.32249106909148,4,383.209163730498,422.668610885739,0,9.71815538126975,4,4.03927953587845,3.58963952865452,1,1
"140",140,1.16493347513024,2.17831165203825,1,434.161058533937,0,3.70320805651136,3,363.265128352214,410.259703174233,0,1.39171074144542,7,5.47431184095331,3.91679211892188,0,3.19391648476975
"141",141,0.689258814509958,2.54092112183571,1,552.582684345543,0,6.24323209235445,0,341.35458918754,384.20711485669,1,19.4498419482261,10,6.05046002054587,3.35452523571439,0,1
"142",142,0.51175462868996,11.72484004125,0,531.684074178338,0,1.88711892883293,4,387.952928885352,395.307473931462,1,5.87932400871068,1,1.68852025456727,3.61997777479701,1,1.52163789800573
"143",143,0.735368575179018,13.9424150874838,1,547.776772547513,1,6.65259656123817,3,85.8529520453885,302.736186794937,1,6.69407911598682,5,3.54382960009389,2.3376068721991,0,2.68602861712024
"144",144,0.68847798909992,6.26891260850243,1,326.837284490466,1,9.34981800895184,0,138.820274837781,228.567034937441,0,16.9418328395113,2,4.21322543197311,4.54769973503426,1,1
"145",145,0.338400426018052,6.35326393088326,0,282.473015971482,1,3.41404198808596,2,232.115352409892,228.106604982167,1,3.7344465451315,6,4.42725820536725,2.13612695853226,1,1.44117508695169
"146",146,0.819880040525459,4.30039635836147,0,559.795231744647,1,3.67300016363151,4,193.739456962794,350.814410671592,1,17.2618150524795,6,8.82333244639449,2.48392929136753,0,1
"147",147,1.13308090805076,4.29030966176651,0,463.665243238211,1,9.14228168618865,0,154.058600496501,244.3473611027,1,1.68492530472577,8,2.42164132837206,4.61647492693737,1,5
"148",148,1.19159513062332,11.3175198622048,1,349.895775131881,0,3.11161627690308,2,230.453589465469,280.681763030589,1,10.222047152929,3,1.45691736298613,2.75253376131877,0,2.00442879723884
"149",149,0.742814249941148,5.93639534106478,0,514.822052419186,1,3.067538094474,0,158.082259900402,279.67181596905,1,18.1745098251849,9,4.75460131769069,2.83480055257678,0,1
"150",150,1.09663740119431,14.2547142922413,0,228.931082598865,1,2.82381728640758,4,230.752178246621,305.416922364384,0,7.42128377780318,8,9.20884040533565,4.27684874390252,1,1
"151",151,0.845858227042481,11.4359140670858,1,534.390427544713,1,9.62348705739714,3,85.5117229977623,402.851964626461,0,7.12490222416818,5,5.68593854084611,3.18137237452902,1,1.84038040086805
"152",152,1.14282030737959,7.69439740455709,0,310.976301692426,1,9.60785471997224,3,137.099546182435,147.265034914017,1,12.3673409409821,5,2.4124312994536,3.48234156519175,1,2.58939133307631
"153",153,0.709537353808992,11.1316697902512,1,432.681393716484,1,8.67950844275765,0,263.215271604713,477.252734545618,1,13.2999597117305,7,5.93311929167248,3.87805817928165,0,1
"154",154,0.416096084774472,8.86885631247424,0,557.438602857292,0,2.50269267242402,1,256.565394462086,474.754321854562,1,13.0413926159963,7,7.97632105625235,3.34493631124496,0,1
"155",155,0.476675962633453,2.88616268639453,1,574.088266678154,0,1.11512338439934,1,116.186322050635,440.496328379959,0,14.1018804255873,4,2.89552947622724,4.20838466030546,1,2.8624510242118
"156",156,1.1875854837941,14.4200287207495,0,586.607987526804,1,8.91935769165866,2,146.316596795805,241.275920066983,1,13.35381323006,0,4.68954451824538,3.12627356452867,1,1.59741902349436
"157",157,0.435565747576766,13.8631961254869,1,488.218971155584,1,5.32319281343371,3,250.160590896849,365.379346068949,0,3.92374758142978,8,7.34247259492986,4.8702730925288,0,1
"158",158,0.921731514204293,13.353143237764,0,446.649482939392,0,6.11420351616107,4,158.398677222431,324.736842419952,0,16.6685728123412,4,6.58097306243144,4.88634348846972,0,1
"159",159,0.829068075120449,11.7312753475271,1,212.465821485966,0,5.09923858661205,3,338.437301898375,247.294927854091,1,0.0114926602691412,4,3.06602955097333,4.24559178529307,0,1.6166063986296
"160",160,0.825339129427448,12.5973093979992,1,584.36547126621,1,1.02981824544258,4,128.134118474554,462.126101367176,1,4.0087898587808,3,5.11002983222716,2.64141899487004,0,3.69290245889644
"161",161,0.42616781629622,14.3671197949443,0,486.029929667711,1,2.84436098532751,2,99.1654853802174,299.062765389681,1,2.53979566507041,6,2.18115068576299,3.24838401959278,1,3.84014524508208
"162",162,0.897384350700304,12.8910823720507,1,413.169855065644,1,5.24007265642285,0,77.0110704703256,499.359459895641,0,6.98323748074472,8,4.35481971735135,2.47086058277637,0,2.11818866657655
"163",163,0.596524050878361,5.22761494945735,1,485.250050015748,1,3.31771712331101,2,112.510258972179,394.023578613997,1,7.19218979589641,8,8.69222434307449,4.71429668646306,1,2.51646090913894
"164",164,0.787294633802958,2.35711310058832,0,277.734880521894,1,2.10657011647709,4,228.57721906621,219.679924752563,1,2.84006827510893,1,2.12199968099594,4.39152414212003,0,4.75161480383036
"165",165,1.18050708810333,12.5681467829272,0,391.555919498205,0,1.09314477071166,1,361.481926543638,399.921122472733,1,0.993407880887389,9,9.21634466038086,4.1686480822973,1,1.34585256145453
"166",166,0.372783076856285,4.75891649350524,1,224.647820368409,1,8.80925918067805,0,258.581759000663,366.740827541798,1,2.69048639107496,8,6.88952485937625,3.56985853961669,0,1
"167",167,0.776135855983011,8.92423275392503,1,413.363441452384,1,2.5390025426168,1,164.910032600164,255.457888636738,1,9.09680069889873,5,9.67003374383785,3.25538890669122,0,1
"168",168,0.657794255996123,7.34436588920653,0,340.124566107988,1,6.06384486169554,0,176.929172605742,426.406362932175,1,3.45649570692331,9,4.30050171166658,4.3053330052644,1,2.1915914485067
"169",169,0.984702963824384,7.59247032064013,0,321.649499889463,0,7.14522439613938,0,276.346167246811,420.495531056076,1,17.1640370041132,1,2.6392375798896,3.89881019294262,0,1
"170",170,1.1839102338301,2.00381202250719,1,489.909252151847,1,6.59905011183582,1,245.040016784333,495.284713152796,1,17.2551365569234,7,9.56203134567477,3.30828856863081,0,1
"171",171,1.02223112729844,11.6803669931833,1,364.06390639022,1,9.95089462865144,1,143.26680599479,279.708309099078,0,7.4462319072336,9,1.0498156894464,2.06967613543384,0,3.1836885430184
"172",172,0.810979823721573,5.51296247309074,1,516.433131136,1,8.39073325600475,3,242.568435927387,110.933446884155,0,7.34052485320717,7,2.23889374663122,2.96698768413626,0,2.84436282313966
"173",173,0.361752147367224,4.91478910297155,0,545.835321675986,0,8.22181696281768,4,199.315119208768,108.77556335181,1,1.42992246896029,8,6.29790700157173,4.51279022870585,1,2.88176999717767
"174",174,0.468923571612686,8.10189256886952,0,387.070998828858,0,5.9914564115461,4,287.57948827697,489.238604996353,1,3.76489681191742,5,5.87500060419552,4.62531691137701,1,1.58204222874795
"175",175,1.0392168124672,11.5185436860193,1,248.443873319775,1,5.94384902669117,3,260.831321473233,311.060758773237,1,10.2538070129231,9,2.30970323062502,3.07314995490015,0,1
"176",176,0.746255497494712,14.7199068530463,1,205.04684317857,1,3.41592664225027,3,221.088616969064,334.160035476089,0,4.04864190146327,7,3.0280356600415,3.82695886911824,0,1
"177",177,0.803062522318214,14.7442147529218,1,477.45533529669,1,7.92298248433508,0,340.416054963134,413.755902275443,1,11.754825366661,6,2.77967688301578,4.0061528396327,0,1.98441201069311
"178",178,0.961942372843623,12.9116463069804,0,384.486008249223,1,7.70488552097231,0,194.978029443882,262.673140969127,1,14.7622182313353,9,3.20487561356276,2.68507699249312,1,1.09669214229075
"179",179,0.66574170710519,3.63282785145566,1,226.35408192873,1,3.5370167682413,4,294.134925818071,325.660896394402,1,2.21599371638149,5,1.73420366155915,4.51065339241177,0,2.8388898743109
"180",180,1.13555025297683,12.5055732505862,1,415.869424212724,1,2.96572112804279,0,292.881568719167,236.048694886267,1,3.93680009059608,10,6.94626328209415,2.95773530355655,1,1.25182470247587
"181",181,0.586220101034269,14.582344472874,0,424.136889539659,1,1.60070644970983,1,288.012370024808,483.434132207185,0,15.1081506488845,2,2.30665580951609,4.5276685510762,1,1
"182",182,1.07493179070298,11.5105656508822,0,335.395979881287,1,3.85767915169708,1,325.10945009999,221.150601189584,1,10.2980544883758,7,4.76319554494694,4.70626357523724,0,1.09651260493159
"183",183,0.526513806916773,4.55288072745316,1,541.906909178942,0,5.5818260749802,1,135.660121310502,449.125224072486,1,16.2069697678089,6,8.21781207481399,2.51997918915004,0,1
"184",184,0.392088366136886,10.8184108331334,1,596.454753912985,1,7.74148811027408,0,367.892636882607,355.035493616015,1,4.87604706548154,9,4.37692439067177,2.23868832178414,0,1
"185",185,1.12156652086414,3.88561422238126,1,384.699614252895,1,4.41453296551481,0,146.523248881567,287.947361916304,1,6.79212537128478,8,4.29011692130007,2.82214205851778,1,3.54769350821274
"186",186,1.01618591935839,7.07749318610877,0,430.049817170948,1,8.92929306533188,2,151.156119501684,232.033337466419,1,8.69463134557009,9,9.54943925654516,2.68964727269486,1,1
"187",187,1.12904407724272,12.1475076437928,0,280.747309979051,1,8.57586764753796,2,68.0505619500764,122.783839888871,1,14.8270442243665,0,2.90145107079297,2.12359617184848,1,1.91353789527323
"188",188,0.906773666851222,12.7440517458599,0,307.048223074526,1,9.19454504433088,2,345.050016336609,482.161946408451,1,5.49190528225154,4,9.30369084095582,4.04169239127077,0,1
"189",189,0.50866339453496,4.5579098588787,1,364.807038940489,0,2.37719506095164,3,137.532869528513,119.767972826958,1,13.4761645039544,5,8.50314047001302,3.60757470177487,1,1
"190",190,0.459198689111508,2.25437810365111,0,410.763104911894,0,4.13588588591665,4,65.9389456734061,282.646540738642,0,13.6007455876097,7,3.62957165203989,4.7355242355261,0,2.49808938040202
"191",191,0.721109240851365,2.43089877185412,0,493.040283024311,1,5.40925559261814,2,226.296828978229,498.641527909786,1,5.50733105279505,2,5.43666238337755,3.09927189070731,1,2.52093969676584
"192",192,0.568653808347881,7.34186071110889,1,560.32746322453,1,1.74881864129566,0,196.563208627049,219.675442948937,0,11.0003556171432,9,1.454579484649,2.90836845175363,0,1.96071838819988
"193",193,1.0119778217515,12.957210809458,1,377.762644272298,0,6.89430369250476,4,55.388618784491,135.095783229917,1,0.103010619059205,2,9.66695075831376,2.82250159955584,0,2.45812455549998
"194",194,0.660810132860206,10.000258347718,1,521.064445003867,0,5.68711209949106,0,167.251523048617,150.91368900612,1,11.7556531727314,1,9.22434172942303,4.51656438875943,1,1
"195",195,0.92313556659501,10.6163313013967,0,392.672601249069,1,4.19807554851286,0,338.068656437099,264.772675745189,0,14.2114748619497,10,5.96197678660974,4.88322944240645,1,1
"196",196,0.355031284899451,7.17628758214414,0,418.621044512838,0,6.29446636233479,1,187.478100298904,498.646835424006,1,18.6672280123457,9,8.40076091233641,2.53420823742636,0,1
"197",197,1.08254845628981,3.98790414072573,1,239.369802176952,0,7.9341423639562,2,389.274648635183,118.895301781595,1,4.03868766035885,3,6.76963851298206,4.54198581329547,1,1.30124311060566
"198",198,1.08500189529732,3.88004952925257,0,493.52458352223,0,7.57755632116459,2,174.242275406141,122.662208229303,1,7.11432347074151,9,4.47825666726567,2.36936116404831,0,3.19930460707786
"199",199,0.688801695685834,11.8076287335716,0,221.738810651004,1,8.97850328171626,0,323.638244252652,299.501059297472,0,17.4676490481943,6,7.63220180990174,3.6990274079144,0,1
"200",200,0.811578951473348,2.56425307295285,1,403.86014431715,1,1.01163141406141,0,268.839087453671,442.125457432121,1,8.45403289888054,7,8.16609844588675,4.00530468253419,1,1.32053713745337
"201",201,0.792323513980955,7.21725260419771,1,579.949086997658,0,9.94059844966978,0,138.832602428738,339.780338015407,1,15.3764992393553,0,8.80221469397657,2.82919030031189,0,1
"202",202,0.912163480999879,4.61836773483083,1,201.312025077641,0,3.5518589981366,1,319.773571868427,448.58500501141,1,19.7980149416253,1,2.33423381322064,2.86661280877888,1,1
"203",203,1.02704086974263,8.86949749127962,1,443.660654034466,0,9.49416160676628,1,118.114844884258,414.681816287339,1,2.41268347017467,3,3.06033399328589,3.58062757039443,0,4.56491491821835
"204",204,0.358184225787409,11.1939606892411,1,586.746223922819,1,6.36490248283371,3,99.584052793216,247.413796838373,1,5.40998717304319,7,1.41907404875383,2.81112775718793,0,3.6127496678436
"205",205,0.717036927770823,9.78350568749011,1,550.746594648808,0,1.3728029425256,3,113.73239827808,447.611715644598,1,19.1633257549256,3,4.26828664843924,4.81546115735546,0,1.50927145540905
"206",206,0.461776693048887,13.8781139494386,0,522.499215137213,0,3.71816307748668,3,180.737677915022,249.691159650683,1,6.73872465733439,1,5.92008039052598,2.60651892446913,0,1.40165287641713
"207",207,0.774718415178358,3.42414942709729,0,431.533254683018,0,7.58080198895186,3,155.968457064591,203.64261912182,0,15.5700199119747,8,3.32502396358177,3.6791948499158,1,2.3872429882702
"208",208,0.840385586908087,4.08437951281667,1,322.490072064102,0,8.38147127814591,0,85.9604484168813,352.921161614358,1,14.065896300599,10,1.05985274608247,3.45101876603439,1,2.86609604954263
"209",209,0.341618752665818,8.19604050857015,0,536.41516501084,1,6.13375139469281,0,211.699086183216,266.388505976647,1,5.30503006651998,5,4.67169295041822,4.23326840251684,0,1.63537557442264
"210",210,0.532886394602247,2.88455510535277,0,442.988293804228,1,4.87909822212532,1,146.787178679369,361.170291434973,1,6.75908035598695,6,6.69164223852567,3.50639867014252,0,2.37385443603186
"211",211,1.0811940002488,6.65428078407422,0,388.528863992542,0,2.48100237105973,1,356.519436696544,360.324118472636,0,15.8950439793989,0,3.32516784104519,4.43945964914747,0,1
"212",212,0.439560323534533,5.23202568781562,0,578.005512244999,1,2.49418107396923,4,198.732274561189,104.960129968822,1,13.7990223104134,7,5.23250298062339,3.24664013669826,0,1
"213",213,0.379461411223747,3.29048407101072,0,204.376569576561,0,1.76396008208394,2,231.04756672401,207.877388782799,1,17.4895766889676,5,2.73238705494441,2.80866053071804,0,1
"214",214,0.996901545440778,7.77744612609968,1,410.181130561978,1,1.83083772426471,0,154.032893106341,188.191784638911,1,3.57011911924928,8,6.99204446189106,2.85911835636944,1,3.16915847038001
"215",215,0.566018669167534,7.39002261217684,0,357.434238865972,1,4.64931918028742,3,81.7075368599035,294.297166634351,1,6.29459365271032,4,1.94508419395424,3.01842693565413,1,3.2545130722535
"216",216,0.501151413051412,5.79828330641612,1,571.259260363877,0,4.59481117571704,1,364.038464578334,107.366981543601,0,19.1706801671535,0,6.73280207067728,4.05566151672974,0,1
"217",217,0.620084033184685,6.28343380382285,0,551.289848890156,1,2.34254158264957,1,256.835435738321,437.234531715512,1,5.54483755957335,3,3.95068820472807,2.58712021517567,1,1.2930195965132
"218",218,0.392538930731825,6.27206945023499,1,460.392947867513,1,5.10357363568619,2,98.1368242064491,360.01595761627,0,19.8613566253334,0,8.36767509928904,2.45862633525394,1,1
"219",219,0.874501625122502,10.2978628398851,1,536.510660778731,1,1.87304295995273,2,143.311004037969,483.032330218703,1,13.2228404982015,10,7.83374757599086,4.82137292902917,0,1
"220",220,0.351617698464543,3.42823317134753,0,548.782500904053,1,4.30798645783216,0,363.222311250865,486.548689566553,1,13.4882531315088,0,8.22428613947704,4.39390994189307,0,1
"221",221,0.488118270062841,13.1911129914224,1,420.461717434227,1,8.04567252285779,2,245.195052726194,273.268031608313,1,18.5796535201371,0,2.88998512597755,3.06842543999664,0,1
"222",222,0.889991913177073,6.96572458837181,1,212.916776351631,1,1.80138970748521,3,265.883522015065,258.814656175673,1,15.5860680667683,8,1.76884655142203,3.73220825637691,0,1
"223",223,0.68581594505813,5.73525386257097,1,300.707865227014,1,1.72331620636396,1,239.951199281495,368.513469398022,1,6.29985404200852,1,3.47917234501801,2.38981108414009,0,1.25700566736536
"224",224,0.588341188360937,10.5931174922734,1,523.251687828451,1,1.50371283479035,1,286.374051310122,277.853649388999,1,15.1856088079512,3,5.97156839957461,3.53647410590202,0,1
"225",225,0.412999093928374,10.6674619195983,1,508.415130991489,0,1.37374205095693,1,125.580566830467,376.47212613374,1,3.91421569976956,4,8.90720833465457,4.12734836246818,1,1.79538943408488
"226",226,0.463433843711391,14.6342488739174,1,255.898219253868,0,2.32889591343701,4,353.014723514207,210.790414176881,0,15.4450374981388,1,8.14561365288682,4.97747896471992,0,1
"227",227,0.784502370399423,14.4007508179639,1,567.651502043009,1,1.09531175671145,3,382.509032986127,327.652785368264,0,4.48094124905765,8,1.15329189551994,3.82259384565987,0,1.09071924051666
"228",228,0.405243685212918,2.17134740063921,0,557.485626544803,0,9.78529627411626,1,351.029684580863,125.066850427538,0,1.89894432201982,1,1.26965625630692,3.37913289968856,0,2.3367250719728
"229",229,1.01314020291902,12.5951710708905,0,486.543391179293,0,4.30934184300713,2,301.004087331239,362.670512590557,1,16.0538687743247,3,3.79780548857525,2.0522147109732,0,1
"230",230,0.531528153712861,11.9271581422072,1,507.491354178637,0,1.16646079160273,4,353.201846429147,132.324615679681,1,8.32032792270184,7,2.49288346944377,4.62622612016276,1,1
"231",231,1.05346352930646,7.98235970363021,0,408.355410024524,0,9.17379486979917,1,218.350553372875,114.795597922057,1,2.43395522702485,2,7.21218488924205,2.45128114009276,1,1.42848891487349
"232",232,0.468191036232747,9.86160704353824,0,592.32987947762,1,5.49778261780739,2,335.277916584164,165.963891148567,0,10.7390001695603,1,4.11880271648988,2.35131505713798,0,1
"233",233,1.02231466134544,4.09732324071229,1,337.175406701863,1,6.79141644923948,1,300.081759085879,354.280451871455,1,9.20108325779438,10,7.26518048415892,2.36255224863999,0,1
"234",234,1.1898430720903,6.01060730963945,0,258.104106131941,0,2.61523805162869,1,94.250413926784,164.867141377181,0,18.5445536021143,8,6.48258284432814,3.79216114943847,0,1
"235",235,1.09771573534235,14.4204277375247,1,339.591146074235,0,9.21896919142455,1,59.6945294644684,430.733546987176,0,18.2479561585933,8,5.09698559599929,2.08985299267806,1,1
"236",236,1.12537370827049,3.90640532155521,0,518.239892832935,1,5.38843352231197,3,255.738160596229,315.691963862628,1,14.2839419050142,9,7.98199205705896,3.24127224786207,0,1.13459461737503
"237",237,0.368235984072089,9.80453388486058,1,265.220112074167,1,8.12873105611652,2,298.579564434476,220.365286245942,0,9.95364477392286,7,2.2176337596029,2.40357565623708,1,1
"238",238,1.07196110445075,6.25116499443538,0,594.702456239611,1,4.74113160767592,2,279.893877787981,372.011364903301,0,8.85841086506844,3,9.47067786101252,2.31410861318,0,1
"239",239,0.421914136433043,12.3233421337791,1,210.164203774184,1,4.48175767296925,0,224.780727690086,403.020562138408,1,13.3246167749166,1,8.52673658565618,2.38688890892081,1,1
"240",240,0.755294864368625,11.8042653007433,1,255.615238845348,0,2.02509732614271,1,281.785790750291,359.502074867487,1,10.4068179288879,1,4.9066710730549,3.74424666631967,1,1
"241",241,0.651786460890435,2.11202699854039,0,257.945740967989,1,6.05964871123433,4,338.098202284891,307.903930637985,1,19.2690545786172,10,3.30580384051427,4.09727679984644,1,1
"242",242,0.612165271863341,13.6825304052327,1,448.428610432893,1,4.67643060116097,4,282.648678927217,331.911487691104,0,2.40163109730929,9,5.52786524943076,4.60591857507825,1,1.05452545384684
"243",243,0.534579008258879,9.28376615815796,1,331.516718026251,1,7.33853555005044,3,124.59173327079,121.159976068884,1,14.2866340465844,9,1.14165320177563,4.57297292421572,1,2.5501272903908
"244",244,0.873780173342675,10.1209698542953,0,478.572518285364,0,4.67332940176129,3,168.864540115464,431.879325211048,1,14.1663483856246,3,6.47092784778215,4.16813426744193,1,1.16340622656897
"245",245,1.02381865556817,2.36954469722696,1,566.760716866702,1,2.0664861057885,0,377.49954686733,135.271416511387,1,5.68438002374023,7,5.65672964300029,2.30647393711843,1,1
"246",246,1.18869688496925,13.5813657143153,0,365.553425159305,1,1.27413561032154,4,317.263374349568,497.976822406054,1,10.7086046645418,4,1.25117917638272,4.72337674698792,1,2.11932757758048
"247",247,0.860862024198286,14.3625206807628,1,469.41925380379,1,1.7521510492079,3,232.2312773671,205.871128663421,0,13.3861605916172,2,1.21694537787698,4.81331918435171,0,1.14358489499688
"248",248,1.04745316954795,12.0045675630681,0,364.051852095872,1,8.06634772964753,2,61.0688355052844,213.893258664757,1,18.2666702009737,1,7.71433223597705,3.00073655252345,0,1
"249",249,1.10031017744914,10.9832840301096,1,474.743494205177,1,1.81050037732348,0,148.384046729188,227.516091242433,1,14.7353526484221,0,3.16893195919693,4.06318407785147,1,2.11244996940707
"250",250,0.601120601291768,14.9354016878642,1,426.731140259653,1,4.26413213298656,3,144.237211567815,354.92374394089,1,6.4653102029115,10,6.88676478876732,3.56926954397932,1,1
"251",251,0.417012110073119,7.9284242966678,0,273.279494419694,0,6.26785335456952,4,327.505740942433,117.664123885334,1,19.6618514601141,3,4.42529220902361,4.97089481074363,0,1
"252",252,0.651100690453313,14.2072665279265,1,404.028890002519,1,4.91615797090344,2,238.794067327399,487.129187118262,1,9.33771777898073,1,6.07384423119947,2.79188946145587,1,1
"253",253,0.834059147257358,12.4214104311541,1,317.130075022578,0,4.51620167912915,3,277.696961339097,130.156348180026,1,13.6939032748342,10,3.26429479522631,3.79126242711209,1,1
"254",254,0.846790520357899,4.96545620937832,1,579.925183579326,1,1.43922631908208,4,117.26126979338,131.977962050587,1,7.33619424514472,5,1.29138349462301,3.85679217753932,0,5
"255",255,0.391458833240904,8.3298108279705,0,450.448979996145,1,7.7329028788954,3,189.476382534485,479.653099551797,1,1.32991022896022,2,6.69812465575524,2.13444701489061,0,2.118637009822
"256",256,0.646154878707603,10.5559401391074,1,227.18634000048,1,9.96644492819905,4,356.764928565826,428.171756118536,1,19.1334402980283,9,9.70668826112524,4.95570578519255,1,1
"257",257,0.861490490077995,3.65648224437609,1,484.497885406017,1,4.66012476524338,3,163.611277425662,454.404576029629,1,18.0626981286332,7,3.84443647181615,2.04962211009115,0,1
"258",258,0.331210189545527,14.47023143759,0,282.203538157046,1,6.69890447659418,2,398.260118905455,124.821813497692,1,12.3107660096139,0,6.40463611949235,2.23956340784207,0,1
"259",259,0.875040435651317,8.59879617881961,1,330.349524412304,0,1.44496009405702,1,144.023624295369,352.224345505238,1,16.3879503495991,4,1.53914998332039,3.8531868387945,0,1
"260",260,0.514161680778488,8.80133371963166,1,298.393705394119,0,4.71791731915437,4,64.75307935616,160.655683279037,1,8.901730440557,7,9.98457711795345,3.06406557699665,0,1
"261",261,0.751454908330925,12.4409972156864,1,517.046602070332,0,6.91926540876739,2,122.913472121581,330.425133742392,0,9.64307348709553,5,5.00932589243166,2.1210462753661,0,1.78033650920191
"262",262,0.893115436728112,11.4475028032903,1,496.44172526896,1,1.97054222994484,0,319.85566073563,120.133033953607,1,19.8698050854728,6,8.58479568827897,3.23999479762278,1,1
"263",263,1.08728589350358,8.5414151463192,0,434.722039010376,0,1.69343561842106,3,241.285796603188,251.786396000534,1,1.45560555625707,3,7.70688723679632,2.56611642730422,1,1.56957317786644
"264",264,0.30365785562899,7.68527117162012,1,354.004022385925,1,8.77285596751608,1,383.240711642429,235.5095686391,1,7.55421835929155,1,2.12778428383172,4.60945939691737,1,1
"265",265,0.578757469682023,14.4834649935365,0,384.653006587178,1,3.19979598745704,1,98.9148560911417,263.124147802591,1,15.7710901740938,9,2.78938799677417,3.30141895147972,1,1
"266",266,1.07525048239622,5.72323519689962,1,227.689869981259,1,6.90319402725436,2,60.3814244037494,397.473630029708,1,18.8267969619483,0,7.73401263449341,2.53764705569483,1,1
"267",267,0.504833875643089,9.08093394036405,0,297.224803455174,1,2.04990180418827,2,122.903969488107,270.880801137537,0,3.17970287054777,6,3.7795799181331,3.99331500637345,1,2.79455348243366
"268",268,1.1701629239833,5.14504232513718,0,367.9268614389,1,5.50872763153166,1,76.8597742193379,347.273475769907,1,2.05644509289414,8,2.38205964304507,2.35012627136894,0,5
"269",269,0.389808141253889,14.9548544033896,0,271.903168875724,1,1.74320407165214,2,73.3264390495606,224.620999302715,1,11.835080133751,6,6.2281371334102,4.55106432107277,0,1
"270",270,0.304393360717222,6.65392894903198,0,324.267022963613,0,7.79997910093516,1,114.484627754427,199.784748349339,1,8.37203914299607,2,1.76469297264703,4.27060291566886,1,2.64599381829145
"271",271,0.43598059352953,5.66340633807704,0,369.635158125311,1,5.79903026926331,2,63.1390643538907,142.555850744247,1,9.44118072744459,7,4.43642025836743,4.64036992099136,0,2.97035145195363
"272",272,0.856995572336018,7.52759227179922,0,231.36036163196,0,2.67592767206952,3,259.805084648542,369.786299671978,1,1.23495881911367,4,6.65923505160026,4.4732428623829,1,1.86773661278615
"273",273,0.317217495082878,5.05451070424169,0,239.712846186012,0,3.52577234245837,1,188.679529714864,362.743177916855,1,13.9241958316416,9,4.53625479573384,2.80011603189632,1,1
"274",274,0.307220060331747,3.19903865060769,1,371.332975849509,0,1.55172190349549,0,280.545454646926,110.06749169901,1,8.9988346863538,1,3.04081258480437,4.88354167668149,1,1.34961463815591
"275",275,0.601526512764394,8.12530407635495,0,503.463669866323,0,4.36891872179694,2,111.153675615788,162.285982072353,1,13.9723426057026,1,6.28744622087106,3.22104920004494,1,1
"276",276,0.412344068731181,10.828021311434,0,411.264981981367,1,6.51375643932261,4,119.601313374005,246.923666540533,0,9.99915746040642,1,3.21112504950725,4.4406893120613,1,1
"277",277,0.496727918763645,4.02928399154916,0,556.740340683609,0,5.95634708553553,3,107.764129445422,416.758669912815,0,17.3773986194283,2,3.6140522272326,4.83548798412085,1,1.87371818275151
"278",278,0.535218871431425,14.3994076095987,1,540.77872056514,1,9.64138097688556,1,331.977423233911,384.932237304747,0,13.792249080725,0,9.54827058454975,3.91155582387,0,1
"279",279,0.685078552155755,5.21472711139359,1,535.290932189673,0,8.20463934610598,3,354.956564214081,493.491592630744,0,3.33739699330181,4,3.52568847313523,2.9177254664246,0,1.23327308172061
"280",280,0.920932484348305,12.2541158196982,0,487.887478340417,1,9.0291651263833,2,92.202921397984,234.537289664149,0,13.0270385742188,4,3.59689707821235,3.09595227707177,1,1.74049908888582
"281",281,0.47483327225782,4.20350774959661,1,356.982848793268,1,9.6508177886717,4,364.950321428478,358.0197497271,1,6.86291963793337,6,8.62299132533371,4.45530463894829,0,1
"282",282,0.813392914133146,12.6288072939496,1,510.072204563767,1,1.82907506870106,1,333.425669884309,337.622458208352,1,7.37682135775685,4,2.76617533224635,4.17820441373624,0,1.56505134839396
"283",283,0.684820857248269,11.7052523184102,1,419.627442583442,0,4.70135786151513,1,50.5174895748496,364.22350667417,1,14.4596828520298,9,4.92795523349196,3.76653015846387,0,1.88323316873229
"284",284,0.783644769061357,12.9625596918631,1,396.236377488822,0,1.27664166525938,2,345.481476234272,379.09025400877,1,8.27279734425247,8,6.34890052862465,3.9431551664602,0,1
"285",285,1.12328854410443,12.3353562804405,0,499.030678533018,0,2.95459070662037,2,206.007354904432,376.220451109111,0,16.3145884405822,4,2.00090037053451,3.00139968958683,0,1.93328186661287
"286",286,0.555003759590909,12.9511489011347,0,558.132606465369,0,5.96982893254608,4,104.936793574598,463.390416838229,0,11.5150157921016,6,4.69875993672758,2.99033768544905,1,1
"287",287,1.1192866551457,9.38649419345893,1,534.887691400945,1,8.65407256642357,1,354.454836412333,441.190212313086,0,6.19572084862739,7,7.91145661100745,2.54053699830547,0,1
"288",288,0.493783670500852,13.4502122164704,0,485.973387490958,1,5.04058907320723,3,98.1354589108378,273.231903091073,1,6.30979171022773,10,4.17368124728091,4.43320021638647,1,3.19669098602461
"289",289,0.412238489859737,4.79671055683866,0,530.341889429837,1,9.76917628594674,0,57.6897560036741,412.568919174373,1,17.3553554946557,2,6.3351170651149,2.19343898142688,0,1
"290",290,0.749602969363332,10.0029360079207,0,542.063468974084,1,7.57284035650082,0,295.958612626418,439.510991238058,1,1.96883990429342,10,1.34705355577171,3.53332408261485,1,3.96311701683509
"291",291,0.995700418506749,10.2346587043721,0,587.62194244191,0,3.15359946968965,1,119.630653050262,282.157735899091,1,5.57359226047993,5,3.55033914325759,2.65183433308266,0,2.82122457615299
"292",292,0.784487756760791,12.4920702611562,0,414.134075026959,1,7.42394303204492,1,229.078064160421,464.73880354315,1,18.2262856373563,1,5.5959157042671,2.27190576912835,0,1
"293",293,1.14241259589326,8.14067338663153,1,591.268013603985,1,2.63126803492196,0,155.908700812142,113.11977757141,0,14.2503527458757,7,7.55327799613588,3.59250292158686,1,1
"294",294,0.881749881757423,3.35528255440295,0,279.309727344662,1,6.27107979636639,4,177.33733683126,256.669486500323,1,8.57378404121846,5,3.99516015429981,2.56352092488669,0,3.02166469796689
"295",295,0.365798207279295,4.61227501370013,0,476.552238687873,1,7.44377271225676,2,236.184362054337,477.475538477302,0,14.4742576731369,6,8.92389309755526,4.0973006002605,0,1
"296",296,0.945357131632045,3.71883331914432,0,487.784188427031,0,2.81692534615286,4,348.128717113286,125.422921869904,1,10.868418016471,7,7.3216291340068,2.43851515161805,0,1
"297",297,1.09830531526823,6.66079115192406,0,431.987783964723,1,8.15611597639509,4,308.044232847169,486.119501292706,0,17.3662753915414,10,8.2503424170427,2.88294243463315,1,1
"298",298,0.54168510006275,14.3894778524991,1,566.304809134454,1,7.34695164719597,4,136.779659881722,101.41403246671,1,9.92692288011312,7,7.30606480524875,3.34709462756291,1,1
"299",299,0.463425463903695,13.6012553572655,0,454.32694060728,1,7.75000138930045,2,398.546469816938,260.307875461876,1,12.0395685406402,3,6.94955861684866,3.05291050579399,0,1
"300",300,1.06057043918408,4.1804475565441,1,336.291040573269,1,5.29124062135816,0,285.050058213528,347.197467274964,0,8.83198134135455,6,2.24899151967838,4.87027530814521,1,2.47614775985756
